Year,SERIES,Reference area,Sex,Degree of urbanisation,UNIT_MEASURE,GeoCode,Value
2004,4.1.1.2 Completion rate Grade 9,,Female,,Percent,,20.0
2005,4.1.1.2 Completion rate Grade 9,,Female,,Percent,,18.5
2006,4.1.1.2 Completion rate Grade 9,,Female,,Percent,,35.2
2007,4.1.1.2 Completion rate Grade 9,,Female,,Percent,,44.2
2008,4.1.1.2 Completion rate Grade 9,,Female,,Percent,,45.9
2009,4.1.1.2 Completion rate Grade 9,,Female,,Percent,,47.3
2010,4.1.1.2 Completion rate Grade 9,,Female,,Percent,,44.3
2011,4.1.1.2 Completion rate Grade 9,,Female,,Percent,,41.6
2012,4.1.1.2 Completion rate Grade 9,,Female,,Percent,,40.4
2013,4.1.1.2 Completion rate Grade 9,,Female,,Percent,,40.0
2014,4.1.1.2 Completion rate Grade 9,,Female,,Percent,,41.8
2015,4.1.1.2 Completion rate Grade 9,,Female,,Percent,,41.3
2016,4.1.1.2 Completion rate Grade 9,,Female,,Percent,,46.0
2017,4.1.1.2 Completion rate Grade 9,,Female,,Percent,,49.0
2018,4.1.1.2 Completion rate Grade 9,,Female,,Percent,,50.2
2019,4.1.1.2 Completion rate Grade 9,,Female,,Percent,,49.5
2004,4.1.1.2 Completion rate Grade 9,,Female,Urban,Percent,,37.3
2005,4.1.1.2 Completion rate Grade 9,,Female,Urban,Percent,,33.8
2006,4.1.1.2 Completion rate Grade 9,,Female,Urban,Percent,,70.1
2007,4.1.1.2 Completion rate Grade 9,,Female,Urban,Percent,,79.8
2008,4.1.1.2 Completion rate Grade 9,,Female,Urban,Percent,,73.1
2009,4.1.1.2 Completion rate Grade 9,,Female,Urban,Percent,,64.8
2010,4.1.1.2 Completion rate Grade 9,,Female,Urban,Percent,,55.9
2011,4.1.1.2 Completion rate Grade 9,,Female,Urban,Percent,,50.3
2012,4.1.1.2 Completion rate Grade 9,,Female,Urban,Percent,,50.9
2013,4.1.1.2 Completion rate Grade 9,,Female,Urban,Percent,,50.0
2014,4.1.1.2 Completion rate Grade 9,,Female,Urban,Percent,,49.7
2015,4.1.1.2 Completion rate Grade 9,,Female,Urban,Percent,,44.7
2016,4.1.1.2 Completion rate Grade 9,,Female,Urban,Percent,,46.4
2017,4.1.1.2 Completion rate Grade 9,,Female,Urban,Percent,,47.8
2018,4.1.1.2 Completion rate Grade 9,,Female,Urban,Percent,,48.3
2019,4.1.1.2 Completion rate Grade 9,,Female,Urban,Percent,,48.2
2004,4.1.1.2 Completion rate Grade 9,,Female,Rural,Percent,,15.6
2005,4.1.1.2 Completion rate Grade 9,,Female,Rural,Percent,,15.2
2006,4.1.1.2 Completion rate Grade 9,,Female,Rural,Percent,,29.5
2007,4.1.1.2 Completion rate Grade 9,,Female,Rural,Percent,,38.4
2008,4.1.1.2 Completion rate Grade 9,,Female,Rural,Percent,,41.5
2009,4.1.1.2 Completion rate Grade 9,,Female,Rural,Percent,,43.7
2010,4.1.1.2 Completion rate Grade 9,,Female,Rural,Percent,,41.4
2011,4.1.1.2 Completion rate Grade 9,,Female,Rural,Percent,,39.5
2012,4.1.1.2 Completion rate Grade 9,,Female,Rural,Percent,,37.7
2013,4.1.1.2 Completion rate Grade 9,,Female,Rural,Percent,,37.6
2014,4.1.1.2 Completion rate Grade 9,,Female,Rural,Percent,,39.8
2015,4.1.1.2 Completion rate Grade 9,,Female,Rural,Percent,,40.4
2016,4.1.1.2 Completion rate Grade 9,,Female,Rural,Percent,,45.9
2017,4.1.1.2 Completion rate Grade 9,,Female,Rural,Percent,,49.3
2018,4.1.1.2 Completion rate Grade 9,,Female,Rural,Percent,,50.7
2019,4.1.1.2 Completion rate Grade 9,,Female,Rural,Percent,,49.9
2004,4.1.1.2 Completion rate Grade 9,,Female,Remote Area,Percent,,14.9
2005,4.1.1.2 Completion rate Grade 9,,Female,Remote Area,Percent,,10.6
2006,4.1.1.2 Completion rate Grade 9,,Female,Remote Area,Percent,,11.8
2007,4.1.1.2 Completion rate Grade 9,,Female,Remote Area,Percent,,16.8
2008,4.1.1.2 Completion rate Grade 9,,Female,Remote Area,Percent,,20.2
2005,4.1.1.2 Completion rate Grade 9,,Male,,Percent,,20.0
2006,4.1.1.2 Completion rate Grade 9,,Male,,Percent,,48.8
2007,4.1.1.2 Completion rate Grade 9,,Male,,Percent,,52.9
2008,4.1.1.2 Completion rate Grade 9,,Male,,Percent,,52.1
2009,4.1.1.2 Completion rate Grade 9,,Male,,Percent,,50.0
2010,4.1.1.2 Completion rate Grade 9,,Male,,Percent,,44.6
2011,4.1.1.2 Completion rate Grade 9,,Male,,Percent,,42.6
2012,4.1.1.2 Completion rate Grade 9,,Male,,Percent,,42.2
2013,4.1.1.2 Completion rate Grade 9,,Male,,Percent,,38.2
2014,4.1.1.2 Completion rate Grade 9,,Male,,Percent,,38.9
2015,4.1.1.2 Completion rate Grade 9,,Male,,Percent,,37.3
2016,4.1.1.2 Completion rate Grade 9,,Male,,Percent,,39.4
2017,4.1.1.2 Completion rate Grade 9,,Male,,Percent,,40.4
2018,4.1.1.2 Completion rate Grade 9,,Male,,Percent,,40.7
2019,4.1.1.2 Completion rate Grade 9,,Male,,Percent,,39.7
2005,4.1.1.2 Completion rate Grade 9,,Male,Urban,Percent,,33.4
2006,4.1.1.2 Completion rate Grade 9,,Male,Urban,Percent,,81.4
2007,4.1.1.2 Completion rate Grade 9,,Male,Urban,Percent,,86.6
2008,4.1.1.2 Completion rate Grade 9,,Male,Urban,Percent,,85.1
2009,4.1.1.2 Completion rate Grade 9,,Male,Urban,Percent,,71.5
2010,4.1.1.2 Completion rate Grade 9,,Male,Urban,Percent,,66.0
2011,4.1.1.2 Completion rate Grade 9,,Male,Urban,Percent,,54.8
2012,4.1.1.2 Completion rate Grade 9,,Male,Urban,Percent,,52.1
2013,4.1.1.2 Completion rate Grade 9,,Male,Urban,Percent,,49.5
2014,4.1.1.2 Completion rate Grade 9,,Male,Urban,Percent,,49.5
2015,4.1.1.2 Completion rate Grade 9,,Male,Urban,Percent,,44.4
2016,4.1.1.2 Completion rate Grade 9,,Male,Urban,Percent,,43.7
2017,4.1.1.2 Completion rate Grade 9,,Male,Urban,Percent,,43.4
2018,4.1.1.2 Completion rate Grade 9,,Male,Urban,Percent,,43.3
2019,4.1.1.2 Completion rate Grade 9,,Male,Urban,Percent,,43.8
2005,4.1.1.2 Completion rate Grade 9,,Male,Rural,Percent,,17.1
2006,4.1.1.2 Completion rate Grade 9,,Male,Rural,Percent,,43.2
2007,4.1.1.2 Completion rate Grade 9,,Male,Rural,Percent,,47.4
2008,4.1.1.2 Completion rate Grade 9,,Male,Rural,Percent,,47.1
2009,4.1.1.2 Completion rate Grade 9,,Male,Rural,Percent,,45.7
2010,4.1.1.2 Completion rate Grade 9,,Male,Rural,Percent,,40.2
2011,4.1.1.2 Completion rate Grade 9,,Male,Rural,Percent,,39.8
2012,4.1.1.2 Completion rate Grade 9,,Male,Rural,Percent,,37.8
2013,4.1.1.2 Completion rate Grade 9,,Male,Rural,Percent,,35.6
2014,4.1.1.2 Completion rate Grade 9,,Male,Rural,Percent,,36.3
2015,4.1.1.2 Completion rate Grade 9,,Male,Rural,Percent,,35.6
2016,4.1.1.2 Completion rate Grade 9,,Male,Rural,Percent,,38.3
2017,4.1.1.2 Completion rate Grade 9,,Male,Rural,Percent,,39.6
2018,4.1.1.2 Completion rate Grade 9,,Male,Rural,Percent,,40.0
2019,4.1.1.2 Completion rate Grade 9,,Male,Rural,Percent,,38.7
2005,4.1.1.2 Completion rate Grade 9,,Male,Remote Area,Percent,,13.7
2006,4.1.1.2 Completion rate Grade 9,,Male,Remote Area,Percent,,16.1
2007,4.1.1.2 Completion rate Grade 9,,Male,Remote Area,Percent,,19.6
2008,4.1.1.2 Completion rate Grade 9,,Male,Remote Area,Percent,,24.0
2004,4.1.1.2 Completion rate Grade 9,,,,Percent,,20.6
2005,4.1.1.2 Completion rate Grade 9,,,,Percent,,19.3
2006,4.1.1.2 Completion rate Grade 9,,,,Percent,,41.9
2007,4.1.1.2 Completion rate Grade 9,,,,Percent,,48.7
2008,4.1.1.2 Completion rate Grade 9,,,,Percent,,49.0
2009,4.1.1.2 Completion rate Grade 9,,,,Percent,,48.7
2010,4.1.1.2 Completion rate Grade 9,,,,Percent,,44.4
2011,4.1.1.2 Completion rate Grade 9,,,,Percent,,42.1
2012,4.1.1.2 Completion rate Grade 9,,,,Percent,,40.6
2013,4.1.1.2 Completion rate Grade 9,,,,Percent,,39.1
2014,4.1.1.2 Completion rate Grade 9,,,,Percent,,40.3
2015,4.1.1.2 Completion rate Grade 9,,,,Percent,,39.2
2016,4.1.1.2 Completion rate Grade 9,,,,Percent,,42.6
2017,4.1.1.2 Completion rate Grade 9,,,,Percent,,44.5
2018,4.1.1.2 Completion rate Grade 9,,,,Percent,,45.3
2019,4.1.1.2 Completion rate Grade 9,,,,Percent,,44.5
2004,4.1.1.2 Completion rate Grade 9,,,Urban,Percent,,36.7
2005,4.1.1.2 Completion rate Grade 9,,,Urban,Percent,,33.6
2006,4.1.1.2 Completion rate Grade 9,,,Urban,Percent,,75.9
2007,4.1.1.2 Completion rate Grade 9,,,Urban,Percent,,83.3
2008,4.1.1.2 Completion rate Grade 9,,,Urban,Percent,,79.0
2009,4.1.1.2 Completion rate Grade 9,,,Urban,Percent,,68.2
2010,4.1.1.2 Completion rate Grade 9,,,Urban,Percent,,60.8
2011,4.1.1.2 Completion rate Grade 9,,,Urban,Percent,,52.6
2012,4.1.1.2 Completion rate Grade 9,,,Urban,Percent,,51.5
2013,4.1.1.2 Completion rate Grade 9,,,Urban,Percent,,49.7
2014,4.1.1.2 Completion rate Grade 9,,,Urban,Percent,,49.6
2015,4.1.1.2 Completion rate Grade 9,,,Urban,Percent,,44.5
2016,4.1.1.2 Completion rate Grade 9,,,Urban,Percent,,45.0
2017,4.1.1.2 Completion rate Grade 9,,,Urban,Percent,,45.6
2018,4.1.1.2 Completion rate Grade 9,,,Urban,Percent,,45.8
2019,4.1.1.2 Completion rate Grade 9,,,Urban,Percent,,46.0
2004,4.1.1.2 Completion rate Grade 9,,,Rural,Percent,,16.7
2005,4.1.1.2 Completion rate Grade 9,,,Rural,Percent,,16.2
2006,4.1.1.2 Completion rate Grade 9,,,Rural,Percent,,36.2
2007,4.1.1.2 Completion rate Grade 9,,,Rural,Percent,,43.0
2008,4.1.1.2 Completion rate Grade 9,,,Rural,Percent,,44.3
2009,4.1.1.2 Completion rate Grade 9,,,Rural,Percent,,44.7
2010,4.1.1.2 Completion rate Grade 9,,,Rural,Percent,,40.8
2011,4.1.1.2 Completion rate Grade 9,,,Rural,Percent,,39.7
2012,4.1.1.2 Completion rate Grade 9,,,Rural,Percent,,37.7
2013,4.1.1.2 Completion rate Grade 9,,,Rural,Percent,,36.6
2014,4.1.1.2 Completion rate Grade 9,,,Rural,Percent,,38.0
2015,4.1.1.2 Completion rate Grade 9,,,Rural,Percent,,37.9
2016,4.1.1.2 Completion rate Grade 9,,,Rural,Percent,,42.0
2017,4.1.1.2 Completion rate Grade 9,,,Rural,Percent,,44.3
2018,4.1.1.2 Completion rate Grade 9,,,Rural,Percent,,45.1
2019,4.1.1.2 Completion rate Grade 9,,,Rural,Percent,,44.1
2004,4.1.1.2 Completion rate Grade 9,,,Remote Area,Percent,,15.1
2005,4.1.1.2 Completion rate Grade 9,,,Remote Area,Percent,,12.1
2006,4.1.1.2 Completion rate Grade 9,,,Remote Area,Percent,,14.0
2007,4.1.1.2 Completion rate Grade 9,,,Remote Area,Percent,,18.3
2008,4.1.1.2 Completion rate Grade 9,,,Remote Area,Percent,,22.0
2009,4.1.1.2 Completion rate Grade 9,Banteay Meanchey,Female,,Percent,KH01,47.9
2010,4.1.1.2 Completion rate Grade 9,Banteay Meanchey,Female,,Percent,KH01,51.4
2011,4.1.1.2 Completion rate Grade 9,Banteay Meanchey,Female,,Percent,KH01,37.3
2012,4.1.1.2 Completion rate Grade 9,Banteay Meanchey,Female,,Percent,KH01,34.5
2013,4.1.1.2 Completion rate Grade 9,Banteay Meanchey,Female,,Percent,KH01,32.6
2014,4.1.1.2 Completion rate Grade 9,Banteay Meanchey,Female,,Percent,KH01,34.5
2015,4.1.1.2 Completion rate Grade 9,Banteay Meanchey,Female,,Percent,KH01,33.1
2016,4.1.1.2 Completion rate Grade 9,Banteay Meanchey,Female,,Percent,KH01,36.7
2017,4.1.1.2 Completion rate Grade 9,Banteay Meanchey,Female,,Percent,KH01,38.2
2018,4.1.1.2 Completion rate Grade 9,Banteay Meanchey,Female,,Percent,KH01,41.3
2019,4.1.1.2 Completion rate Grade 9,Banteay Meanchey,Female,,Percent,KH01,41.4
2009,4.1.1.2 Completion rate Grade 9,Banteay Meanchey,Male,,Percent,KH01,46.0
2010,4.1.1.2 Completion rate Grade 9,Banteay Meanchey,Male,,Percent,KH01,50.4
2011,4.1.1.2 Completion rate Grade 9,Banteay Meanchey,Male,,Percent,KH01,34.2
2012,4.1.1.2 Completion rate Grade 9,Banteay Meanchey,Male,,Percent,KH01,29.8
2013,4.1.1.2 Completion rate Grade 9,Banteay Meanchey,Male,,Percent,KH01,28.5
2014,4.1.1.2 Completion rate Grade 9,Banteay Meanchey,Male,,Percent,KH01,28.9
2015,4.1.1.2 Completion rate Grade 9,Banteay Meanchey,Male,,Percent,KH01,28.8
2016,4.1.1.2 Completion rate Grade 9,Banteay Meanchey,Male,,Percent,KH01,31.8
2017,4.1.1.2 Completion rate Grade 9,Banteay Meanchey,Male,,Percent,KH01,31.3
2018,4.1.1.2 Completion rate Grade 9,Banteay Meanchey,Male,,Percent,KH01,31.9
2019,4.1.1.2 Completion rate Grade 9,Banteay Meanchey,Male,,Percent,KH01,31.6
2009,4.1.1.2 Completion rate Grade 9,Banteay Meanchey,,,Percent,KH01,46.9
2010,4.1.1.2 Completion rate Grade 9,Banteay Meanchey,,,Percent,KH01,50.9
2011,4.1.1.2 Completion rate Grade 9,Banteay Meanchey,,,Percent,KH01,35.7
2012,4.1.1.2 Completion rate Grade 9,Banteay Meanchey,,,Percent,KH01,32.1
2013,4.1.1.2 Completion rate Grade 9,Banteay Meanchey,,,Percent,KH01,30.5
2014,4.1.1.2 Completion rate Grade 9,Banteay Meanchey,,,Percent,KH01,31.6
2015,4.1.1.2 Completion rate Grade 9,Banteay Meanchey,,,Percent,KH01,30.9
2016,4.1.1.2 Completion rate Grade 9,Banteay Meanchey,,,Percent,KH01,34.2
2017,4.1.1.2 Completion rate Grade 9,Banteay Meanchey,,,Percent,KH01,34.6
2018,4.1.1.2 Completion rate Grade 9,Banteay Meanchey,,,Percent,KH01,36.4
2019,4.1.1.2 Completion rate Grade 9,Banteay Meanchey,,,Percent,KH01,36.3
2009,4.1.1.2 Completion rate Grade 9,Battambang,Female,,Percent,KH02,46.5
2010,4.1.1.2 Completion rate Grade 9,Battambang,Female,,Percent,KH02,41.6
2011,4.1.1.2 Completion rate Grade 9,Battambang,Female,,Percent,KH02,38.6
2012,4.1.1.2 Completion rate Grade 9,Battambang,Female,,Percent,KH02,35.6
2013,4.1.1.2 Completion rate Grade 9,Battambang,Female,,Percent,KH02,34.9
2014,4.1.1.2 Completion rate Grade 9,Battambang,Female,,Percent,KH02,35.4
2015,4.1.1.2 Completion rate Grade 9,Battambang,Female,,Percent,KH02,34.6
2016,4.1.1.2 Completion rate Grade 9,Battambang,Female,,Percent,KH02,36.3
2017,4.1.1.2 Completion rate Grade 9,Battambang,Female,,Percent,KH02,38.6
2018,4.1.1.2 Completion rate Grade 9,Battambang,Female,,Percent,KH02,40.6
2019,4.1.1.2 Completion rate Grade 9,Battambang,Female,,Percent,KH02,41.4
2009,4.1.1.2 Completion rate Grade 9,Battambang,Male,,Percent,KH02,44.0
2010,4.1.1.2 Completion rate Grade 9,Battambang,Male,,Percent,KH02,43.0
2011,4.1.1.2 Completion rate Grade 9,Battambang,Male,,Percent,KH02,33.7
2012,4.1.1.2 Completion rate Grade 9,Battambang,Male,,Percent,KH02,30.3
2013,4.1.1.2 Completion rate Grade 9,Battambang,Male,,Percent,KH02,28.3
2014,4.1.1.2 Completion rate Grade 9,Battambang,Male,,Percent,KH02,28.3
2015,4.1.1.2 Completion rate Grade 9,Battambang,Male,,Percent,KH02,27.4
2016,4.1.1.2 Completion rate Grade 9,Battambang,Male,,Percent,KH02,28.5
2017,4.1.1.2 Completion rate Grade 9,Battambang,Male,,Percent,KH02,30.3
2018,4.1.1.2 Completion rate Grade 9,Battambang,Male,,Percent,KH02,32.2
2019,4.1.1.2 Completion rate Grade 9,Battambang,Male,,Percent,KH02,30.8
2009,4.1.1.2 Completion rate Grade 9,Battambang,,,Percent,KH02,45.2
2010,4.1.1.2 Completion rate Grade 9,Battambang,,,Percent,KH02,42.2
2011,4.1.1.2 Completion rate Grade 9,Battambang,,,Percent,KH02,36.1
2012,4.1.1.2 Completion rate Grade 9,Battambang,,,Percent,KH02,32.9
2013,4.1.1.2 Completion rate Grade 9,Battambang,,,Percent,KH02,31.5
2014,4.1.1.2 Completion rate Grade 9,Battambang,,,Percent,KH02,31.8
2015,4.1.1.2 Completion rate Grade 9,Battambang,,,Percent,KH02,30.9
2016,4.1.1.2 Completion rate Grade 9,Battambang,,,Percent,KH02,32.3
2017,4.1.1.2 Completion rate Grade 9,Battambang,,,Percent,KH02,34.3
2018,4.1.1.2 Completion rate Grade 9,Battambang,,,Percent,KH02,36.3
2019,4.1.1.2 Completion rate Grade 9,Battambang,,,Percent,KH02,35.9
2009,4.1.1.2 Completion rate Grade 9,Kampong Cham,Female,,Percent,KH03,40.8
2010,4.1.1.2 Completion rate Grade 9,Kampong Cham,Female,,Percent,KH03,34.6
2011,4.1.1.2 Completion rate Grade 9,Kampong Cham,Female,,Percent,KH03,38.4
2012,4.1.1.2 Completion rate Grade 9,Kampong Cham,Female,,Percent,KH03,37.9
2013,4.1.1.2 Completion rate Grade 9,Kampong Cham,Female,,Percent,KH03,39.8
2014,4.1.1.2 Completion rate Grade 9,Kampong Cham,Female,,Percent,KH03,47.0
2015,4.1.1.2 Completion rate Grade 9,Kampong Cham,Female,,Percent,KH03,45.5
2016,4.1.1.2 Completion rate Grade 9,Kampong Cham,Female,,Percent,KH03,51.4
2017,4.1.1.2 Completion rate Grade 9,Kampong Cham,Female,,Percent,KH03,54.3
2018,4.1.1.2 Completion rate Grade 9,Kampong Cham,Female,,Percent,KH03,57.1
2019,4.1.1.2 Completion rate Grade 9,Kampong Cham,Female,,Percent,KH03,56.1
2009,4.1.1.2 Completion rate Grade 9,Kampong Cham,Male,,Percent,KH03,40.2
2010,4.1.1.2 Completion rate Grade 9,Kampong Cham,Male,,Percent,KH03,38.7
2011,4.1.1.2 Completion rate Grade 9,Kampong Cham,Male,,Percent,KH03,36.4
2012,4.1.1.2 Completion rate Grade 9,Kampong Cham,Male,,Percent,KH03,35.1
2013,4.1.1.2 Completion rate Grade 9,Kampong Cham,Male,,Percent,KH03,36.2
2014,4.1.1.2 Completion rate Grade 9,Kampong Cham,Male,,Percent,KH03,40.8
2015,4.1.1.2 Completion rate Grade 9,Kampong Cham,Male,,Percent,KH03,38.5
2016,4.1.1.2 Completion rate Grade 9,Kampong Cham,Male,,Percent,KH03,40.5
2017,4.1.1.2 Completion rate Grade 9,Kampong Cham,Male,,Percent,KH03,41.1
2018,4.1.1.2 Completion rate Grade 9,Kampong Cham,Male,,Percent,KH03,42.5
2019,4.1.1.2 Completion rate Grade 9,Kampong Cham,Male,,Percent,KH03,40.4
2009,4.1.1.2 Completion rate Grade 9,Kampong Cham,,,Percent,KH03,40.5
2010,4.1.1.2 Completion rate Grade 9,Kampong Cham,,,Percent,KH03,36.6
2011,4.1.1.2 Completion rate Grade 9,Kampong Cham,,,Percent,KH03,37.4
2012,4.1.1.2 Completion rate Grade 9,Kampong Cham,,,Percent,KH03,36.5
2013,4.1.1.2 Completion rate Grade 9,Kampong Cham,,,Percent,KH03,37.9
2014,4.1.1.2 Completion rate Grade 9,Kampong Cham,,,Percent,KH03,43.8
2015,4.1.1.2 Completion rate Grade 9,Kampong Cham,,,Percent,KH03,41.9
2016,4.1.1.2 Completion rate Grade 9,Kampong Cham,,,Percent,KH03,45.8
2017,4.1.1.2 Completion rate Grade 9,Kampong Cham,,,Percent,KH03,47.5
2018,4.1.1.2 Completion rate Grade 9,Kampong Cham,,,Percent,KH03,49.5
2019,4.1.1.2 Completion rate Grade 9,Kampong Cham,,,Percent,KH03,47.9
2009,4.1.1.2 Completion rate Grade 9,Kampong Chhnang,Female,,Percent,KH04,51.3
2010,4.1.1.2 Completion rate Grade 9,Kampong Chhnang,Female,,Percent,KH04,52.8
2011,4.1.1.2 Completion rate Grade 9,Kampong Chhnang,Female,,Percent,KH04,41.3
2012,4.1.1.2 Completion rate Grade 9,Kampong Chhnang,Female,,Percent,KH04,40.7
2013,4.1.1.2 Completion rate Grade 9,Kampong Chhnang,Female,,Percent,KH04,41.6
2014,4.1.1.2 Completion rate Grade 9,Kampong Chhnang,Female,,Percent,KH04,45.8
2015,4.1.1.2 Completion rate Grade 9,Kampong Chhnang,Female,,Percent,KH04,47.7
2016,4.1.1.2 Completion rate Grade 9,Kampong Chhnang,Female,,Percent,KH04,53.7
2017,4.1.1.2 Completion rate Grade 9,Kampong Chhnang,Female,,Percent,KH04,57.5
2018,4.1.1.2 Completion rate Grade 9,Kampong Chhnang,Female,,Percent,KH04,57.1
2019,4.1.1.2 Completion rate Grade 9,Kampong Chhnang,Female,,Percent,KH04,54.5
2009,4.1.1.2 Completion rate Grade 9,Kampong Chhnang,Male,,Percent,KH04,51.6
2010,4.1.1.2 Completion rate Grade 9,Kampong Chhnang,Male,,Percent,KH04,49.2
2011,4.1.1.2 Completion rate Grade 9,Kampong Chhnang,Male,,Percent,KH04,40.1
2012,4.1.1.2 Completion rate Grade 9,Kampong Chhnang,Male,,Percent,KH04,36.6
2013,4.1.1.2 Completion rate Grade 9,Kampong Chhnang,Male,,Percent,KH04,36.0
2014,4.1.1.2 Completion rate Grade 9,Kampong Chhnang,Male,,Percent,KH04,37.7
2015,4.1.1.2 Completion rate Grade 9,Kampong Chhnang,Male,,Percent,KH04,40.1
2016,4.1.1.2 Completion rate Grade 9,Kampong Chhnang,Male,,Percent,KH04,41.1
2017,4.1.1.2 Completion rate Grade 9,Kampong Chhnang,Male,,Percent,KH04,44.4
2018,4.1.1.2 Completion rate Grade 9,Kampong Chhnang,Male,,Percent,KH04,41.2
2019,4.1.1.2 Completion rate Grade 9,Kampong Chhnang,Male,,Percent,KH04,41.0
2009,4.1.1.2 Completion rate Grade 9,Kampong Chhnang,,,Percent,KH04,51.5
2010,4.1.1.2 Completion rate Grade 9,Kampong Chhnang,,,Percent,KH04,51.0
2011,4.1.1.2 Completion rate Grade 9,Kampong Chhnang,,,Percent,KH04,40.7
2012,4.1.1.2 Completion rate Grade 9,Kampong Chhnang,,,Percent,KH04,38.6
2013,4.1.1.2 Completion rate Grade 9,Kampong Chhnang,,,Percent,KH04,38.8
2014,4.1.1.2 Completion rate Grade 9,Kampong Chhnang,,,Percent,KH04,41.6
2015,4.1.1.2 Completion rate Grade 9,Kampong Chhnang,,,Percent,KH04,43.8
2016,4.1.1.2 Completion rate Grade 9,Kampong Chhnang,,,Percent,KH04,47.2
2017,4.1.1.2 Completion rate Grade 9,Kampong Chhnang,,,Percent,KH04,50.7
2018,4.1.1.2 Completion rate Grade 9,Kampong Chhnang,,,Percent,KH04,48.9
2019,4.1.1.2 Completion rate Grade 9,Kampong Chhnang,,,Percent,KH04,47.5
2009,4.1.1.2 Completion rate Grade 9,Kampong Speu,Female,,Percent,KH05,38.0
2010,4.1.1.2 Completion rate Grade 9,Kampong Speu,Female,,Percent,KH05,34.7
2011,4.1.1.2 Completion rate Grade 9,Kampong Speu,Female,,Percent,KH05,30.5
2012,4.1.1.2 Completion rate Grade 9,Kampong Speu,Female,,Percent,KH05,30.0
2013,4.1.1.2 Completion rate Grade 9,Kampong Speu,Female,,Percent,KH05,32.7
2014,4.1.1.2 Completion rate Grade 9,Kampong Speu,Female,,Percent,KH05,35.7
2015,4.1.1.2 Completion rate Grade 9,Kampong Speu,Female,,Percent,KH05,37.5
2016,4.1.1.2 Completion rate Grade 9,Kampong Speu,Female,,Percent,KH05,44.6
2017,4.1.1.2 Completion rate Grade 9,Kampong Speu,Female,,Percent,KH05,49.7
2018,4.1.1.2 Completion rate Grade 9,Kampong Speu,Female,,Percent,KH05,47.2
2019,4.1.1.2 Completion rate Grade 9,Kampong Speu,Female,,Percent,KH05,46.1
2009,4.1.1.2 Completion rate Grade 9,Kampong Speu,Male,,Percent,KH05,46.5
2010,4.1.1.2 Completion rate Grade 9,Kampong Speu,Male,,Percent,KH05,47.1
2011,4.1.1.2 Completion rate Grade 9,Kampong Speu,Male,,Percent,KH05,40.3
2012,4.1.1.2 Completion rate Grade 9,Kampong Speu,Male,,Percent,KH05,36.4
2013,4.1.1.2 Completion rate Grade 9,Kampong Speu,Male,,Percent,KH05,37.0
2014,4.1.1.2 Completion rate Grade 9,Kampong Speu,Male,,Percent,KH05,39.1
2015,4.1.1.2 Completion rate Grade 9,Kampong Speu,Male,,Percent,KH05,37.8
2016,4.1.1.2 Completion rate Grade 9,Kampong Speu,Male,,Percent,KH05,39.4
2017,4.1.1.2 Completion rate Grade 9,Kampong Speu,Male,,Percent,KH05,42.9
2018,4.1.1.2 Completion rate Grade 9,Kampong Speu,Male,,Percent,KH05,40.5
2019,4.1.1.2 Completion rate Grade 9,Kampong Speu,Male,,Percent,KH05,37.5
2009,4.1.1.2 Completion rate Grade 9,Kampong Speu,,,Percent,KH05,42.4
2010,4.1.1.2 Completion rate Grade 9,Kampong Speu,,,Percent,KH05,40.9
2011,4.1.1.2 Completion rate Grade 9,Kampong Speu,,,Percent,KH05,35.6
2012,4.1.1.2 Completion rate Grade 9,Kampong Speu,,,Percent,KH05,33.3
2013,4.1.1.2 Completion rate Grade 9,Kampong Speu,,,Percent,KH05,34.9
2014,4.1.1.2 Completion rate Grade 9,Kampong Speu,,,Percent,KH05,37.5
2015,4.1.1.2 Completion rate Grade 9,Kampong Speu,,,Percent,KH05,37.7
2016,4.1.1.2 Completion rate Grade 9,Kampong Speu,,,Percent,KH05,41.9
2017,4.1.1.2 Completion rate Grade 9,Kampong Speu,,,Percent,KH05,46.2
2018,4.1.1.2 Completion rate Grade 9,Kampong Speu,,,Percent,KH05,43.7
2019,4.1.1.2 Completion rate Grade 9,Kampong Speu,,,Percent,KH05,41.6
2009,4.1.1.2 Completion rate Grade 9,Kampong Thom,Female,,Percent,KH06,43.0
2010,4.1.1.2 Completion rate Grade 9,Kampong Thom,Female,,Percent,KH06,39.2
2011,4.1.1.2 Completion rate Grade 9,Kampong Thom,Female,,Percent,KH06,39.1
2012,4.1.1.2 Completion rate Grade 9,Kampong Thom,Female,,Percent,KH06,36.2
2013,4.1.1.2 Completion rate Grade 9,Kampong Thom,Female,,Percent,KH06,39.0
2014,4.1.1.2 Completion rate Grade 9,Kampong Thom,Female,,Percent,KH06,38.9
2015,4.1.1.2 Completion rate Grade 9,Kampong Thom,Female,,Percent,KH06,38.1
2016,4.1.1.2 Completion rate Grade 9,Kampong Thom,Female,,Percent,KH06,45.3
2017,4.1.1.2 Completion rate Grade 9,Kampong Thom,Female,,Percent,KH06,48.5
2018,4.1.1.2 Completion rate Grade 9,Kampong Thom,Female,,Percent,KH06,52.6
2019,4.1.1.2 Completion rate Grade 9,Kampong Thom,Female,,Percent,KH06,50.7
2009,4.1.1.2 Completion rate Grade 9,Kampong Thom,Male,,Percent,KH06,40.6
2010,4.1.1.2 Completion rate Grade 9,Kampong Thom,Male,,Percent,KH06,45.3
2011,4.1.1.2 Completion rate Grade 9,Kampong Thom,Male,,Percent,KH06,35.8
2012,4.1.1.2 Completion rate Grade 9,Kampong Thom,Male,,Percent,KH06,33.6
2013,4.1.1.2 Completion rate Grade 9,Kampong Thom,Male,,Percent,KH06,31.8
2014,4.1.1.2 Completion rate Grade 9,Kampong Thom,Male,,Percent,KH06,31.7
2015,4.1.1.2 Completion rate Grade 9,Kampong Thom,Male,,Percent,KH06,30.5
2016,4.1.1.2 Completion rate Grade 9,Kampong Thom,Male,,Percent,KH06,34.7
2017,4.1.1.2 Completion rate Grade 9,Kampong Thom,Male,,Percent,KH06,36.6
2018,4.1.1.2 Completion rate Grade 9,Kampong Thom,Male,,Percent,KH06,38.8
2019,4.1.1.2 Completion rate Grade 9,Kampong Thom,Male,,Percent,KH06,38.4
2009,4.1.1.2 Completion rate Grade 9,Kampong Thom,,,Percent,KH06,41.8
2010,4.1.1.2 Completion rate Grade 9,Kampong Thom,,,Percent,KH06,42.1
2011,4.1.1.2 Completion rate Grade 9,Kampong Thom,,,Percent,KH06,37.4
2012,4.1.1.2 Completion rate Grade 9,Kampong Thom,,,Percent,KH06,34.9
2013,4.1.1.2 Completion rate Grade 9,Kampong Thom,,,Percent,KH06,35.2
2014,4.1.1.2 Completion rate Grade 9,Kampong Thom,,,Percent,KH06,35.2
2015,4.1.1.2 Completion rate Grade 9,Kampong Thom,,,Percent,KH06,34.2
2016,4.1.1.2 Completion rate Grade 9,Kampong Thom,,,Percent,KH06,39.8
2017,4.1.1.2 Completion rate Grade 9,Kampong Thom,,,Percent,KH06,42.3
2018,4.1.1.2 Completion rate Grade 9,Kampong Thom,,,Percent,KH06,45.4
2019,4.1.1.2 Completion rate Grade 9,Kampong Thom,,,Percent,KH06,44.3
2009,4.1.1.2 Completion rate Grade 9,Kampot,Female,,Percent,KH07,54.5
2010,4.1.1.2 Completion rate Grade 9,Kampot,Female,,Percent,KH07,51.8
2011,4.1.1.2 Completion rate Grade 9,Kampot,Female,,Percent,KH07,48.6
2012,4.1.1.2 Completion rate Grade 9,Kampot,Female,,Percent,KH07,43.8
2013,4.1.1.2 Completion rate Grade 9,Kampot,Female,,Percent,KH07,44.4
2014,4.1.1.2 Completion rate Grade 9,Kampot,Female,,Percent,KH07,47.7
2015,4.1.1.2 Completion rate Grade 9,Kampot,Female,,Percent,KH07,46.9
2016,4.1.1.2 Completion rate Grade 9,Kampot,Female,,Percent,KH07,52.5
2017,4.1.1.2 Completion rate Grade 9,Kampot,Female,,Percent,KH07,55.3
2018,4.1.1.2 Completion rate Grade 9,Kampot,Female,,Percent,KH07,53.5
2019,4.1.1.2 Completion rate Grade 9,Kampot,Female,,Percent,KH07,51.2
2009,4.1.1.2 Completion rate Grade 9,Kampot,Male,,Percent,KH07,56.3
2010,4.1.1.2 Completion rate Grade 9,Kampot,Male,,Percent,KH07,16.9
2011,4.1.1.2 Completion rate Grade 9,Kampot,Male,,Percent,KH07,48.0
2012,4.1.1.2 Completion rate Grade 9,Kampot,Male,,Percent,KH07,45.8
2013,4.1.1.2 Completion rate Grade 9,Kampot,Male,,Percent,KH07,42.9
2014,4.1.1.2 Completion rate Grade 9,Kampot,Male,,Percent,KH07,45.7
2015,4.1.1.2 Completion rate Grade 9,Kampot,Male,,Percent,KH07,44.9
2016,4.1.1.2 Completion rate Grade 9,Kampot,Male,,Percent,KH07,48.4
2017,4.1.1.2 Completion rate Grade 9,Kampot,Male,,Percent,KH07,48.1
2018,4.1.1.2 Completion rate Grade 9,Kampot,Male,,Percent,KH07,44.7
2019,4.1.1.2 Completion rate Grade 9,Kampot,Male,,Percent,KH07,40.8
2009,4.1.1.2 Completion rate Grade 9,Kampot,,,Percent,KH07,55.4
2010,4.1.1.2 Completion rate Grade 9,Kampot,,,Percent,KH07,24.6
2011,4.1.1.2 Completion rate Grade 9,Kampot,,,Percent,KH07,48.3
2012,4.1.1.2 Completion rate Grade 9,Kampot,,,Percent,KH07,44.8
2013,4.1.1.2 Completion rate Grade 9,Kampot,,,Percent,KH07,43.6
2014,4.1.1.2 Completion rate Grade 9,Kampot,,,Percent,KH07,46.7
2015,4.1.1.2 Completion rate Grade 9,Kampot,,,Percent,KH07,45.8
2016,4.1.1.2 Completion rate Grade 9,Kampot,,,Percent,KH07,50.4
2017,4.1.1.2 Completion rate Grade 9,Kampot,,,Percent,KH07,51.6
2018,4.1.1.2 Completion rate Grade 9,Kampot,,,Percent,KH07,48.9
2019,4.1.1.2 Completion rate Grade 9,Kampot,,,Percent,KH07,45.8
2009,4.1.1.2 Completion rate Grade 9,Kandal,Female,,Percent,KH08,55.6
2010,4.1.1.2 Completion rate Grade 9,Kandal,Female,,Percent,KH08,58.1
2011,4.1.1.2 Completion rate Grade 9,Kandal,Female,,Percent,KH08,50.0
2012,4.1.1.2 Completion rate Grade 9,Kandal,Female,,Percent,KH08,46.8
2013,4.1.1.2 Completion rate Grade 9,Kandal,Female,,Percent,KH08,45.6
2014,4.1.1.2 Completion rate Grade 9,Kandal,Female,,Percent,KH08,46.1
2015,4.1.1.2 Completion rate Grade 9,Kandal,Female,,Percent,KH08,45.9
2016,4.1.1.2 Completion rate Grade 9,Kandal,Female,,Percent,KH08,51.0
2017,4.1.1.2 Completion rate Grade 9,Kandal,Female,,Percent,KH08,53.1
2018,4.1.1.2 Completion rate Grade 9,Kandal,Female,,Percent,KH08,53.6
2019,4.1.1.2 Completion rate Grade 9,Kandal,Female,,Percent,KH08,52.8
2009,4.1.1.2 Completion rate Grade 9,Kandal,Male,,Percent,KH08,59.1
2010,4.1.1.2 Completion rate Grade 9,Kandal,Male,,Percent,KH08,61.2
2011,4.1.1.2 Completion rate Grade 9,Kandal,Male,,Percent,KH08,51.4
2012,4.1.1.2 Completion rate Grade 9,Kandal,Male,,Percent,KH08,56.2
2013,4.1.1.2 Completion rate Grade 9,Kandal,Male,,Percent,KH08,45.2
2014,4.1.1.2 Completion rate Grade 9,Kandal,Male,,Percent,KH08,43.5
2015,4.1.1.2 Completion rate Grade 9,Kandal,Male,,Percent,KH08,40.1
2016,4.1.1.2 Completion rate Grade 9,Kandal,Male,,Percent,KH08,43.0
2017,4.1.1.2 Completion rate Grade 9,Kandal,Male,,Percent,KH08,41.9
2018,4.1.1.2 Completion rate Grade 9,Kandal,Male,,Percent,KH08,41.1
2019,4.1.1.2 Completion rate Grade 9,Kandal,Male,,Percent,KH08,41.6
2009,4.1.1.2 Completion rate Grade 9,Kandal,,,Percent,KH08,57.4
2010,4.1.1.2 Completion rate Grade 9,Kandal,,,Percent,KH08,59.7
2011,4.1.1.2 Completion rate Grade 9,Kandal,,,Percent,KH08,50.7
2012,4.1.1.2 Completion rate Grade 9,Kandal,,,Percent,KH08,51.3
2013,4.1.1.2 Completion rate Grade 9,Kandal,,,Percent,KH08,45.4
2014,4.1.1.2 Completion rate Grade 9,Kandal,,,Percent,KH08,44.8
2015,4.1.1.2 Completion rate Grade 9,Kandal,,,Percent,KH08,42.9
2016,4.1.1.2 Completion rate Grade 9,Kandal,,,Percent,KH08,46.8
2017,4.1.1.2 Completion rate Grade 9,Kandal,,,Percent,KH08,47.3
2018,4.1.1.2 Completion rate Grade 9,Kandal,,,Percent,KH08,47.1
2019,4.1.1.2 Completion rate Grade 9,Kandal,,,Percent,KH08,47.0
2009,4.1.1.2 Completion rate Grade 9,Kep,Female,,Percent,KH23,54.9
2010,4.1.1.2 Completion rate Grade 9,Kep,Female,,Percent,KH23,55.8
2011,4.1.1.2 Completion rate Grade 9,Kep,Female,,Percent,KH23,48.4
2012,4.1.1.2 Completion rate Grade 9,Kep,Female,,Percent,KH23,46.1
2013,4.1.1.2 Completion rate Grade 9,Kep,Female,,Percent,KH23,40.2
2014,4.1.1.2 Completion rate Grade 9,Kep,Female,,Percent,KH23,36.6
2015,4.1.1.2 Completion rate Grade 9,Kep,Female,,Percent,KH23,41.0
2016,4.1.1.2 Completion rate Grade 9,Kep,Female,,Percent,KH23,42.0
2017,4.1.1.2 Completion rate Grade 9,Kep,Female,,Percent,KH23,39.1
2018,4.1.1.2 Completion rate Grade 9,Kep,Female,,Percent,KH23,34.5
2019,4.1.1.2 Completion rate Grade 9,Kep,Female,,Percent,KH23,31.2
2009,4.1.1.2 Completion rate Grade 9,Kep,Male,,Percent,KH23,50.8
2010,4.1.1.2 Completion rate Grade 9,Kep,Male,,Percent,KH23,47.6
2011,4.1.1.2 Completion rate Grade 9,Kep,Male,,Percent,KH23,41.4
2012,4.1.1.2 Completion rate Grade 9,Kep,Male,,Percent,KH23,36.7
2013,4.1.1.2 Completion rate Grade 9,Kep,Male,,Percent,KH23,37.2
2014,4.1.1.2 Completion rate Grade 9,Kep,Male,,Percent,KH23,35.6
2015,4.1.1.2 Completion rate Grade 9,Kep,Male,,Percent,KH23,34.7
2016,4.1.1.2 Completion rate Grade 9,Kep,Male,,Percent,KH23,34.2
2017,4.1.1.2 Completion rate Grade 9,Kep,Male,,Percent,KH23,33.5
2018,4.1.1.2 Completion rate Grade 9,Kep,Male,,Percent,KH23,32.9
2019,4.1.1.2 Completion rate Grade 9,Kep,Male,,Percent,KH23,25.1
2009,4.1.1.2 Completion rate Grade 9,Kep,,,Percent,KH23,52.8
2010,4.1.1.2 Completion rate Grade 9,Kep,,,Percent,KH23,51.4
2011,4.1.1.2 Completion rate Grade 9,Kep,,,Percent,KH23,44.8
2012,4.1.1.2 Completion rate Grade 9,Kep,,,Percent,KH23,41.2
2013,4.1.1.2 Completion rate Grade 9,Kep,,,Percent,KH23,38.6
2014,4.1.1.2 Completion rate Grade 9,Kep,,,Percent,KH23,36.1
2015,4.1.1.2 Completion rate Grade 9,Kep,,,Percent,KH23,37.7
2016,4.1.1.2 Completion rate Grade 9,Kep,,,Percent,KH23,37.9
2017,4.1.1.2 Completion rate Grade 9,Kep,,,Percent,KH23,36.2
2018,4.1.1.2 Completion rate Grade 9,Kep,,,Percent,KH23,33.6
2019,4.1.1.2 Completion rate Grade 9,Kep,,,Percent,KH23,28.0
2009,4.1.1.2 Completion rate Grade 9,Koh Kong,Female,,Percent,KH09,40.4
2010,4.1.1.2 Completion rate Grade 9,Koh Kong,Female,,Percent,KH09,44.2
2011,4.1.1.2 Completion rate Grade 9,Koh Kong,Female,,Percent,KH09,36.7
2012,4.1.1.2 Completion rate Grade 9,Koh Kong,Female,,Percent,KH09,35.7
2013,4.1.1.2 Completion rate Grade 9,Koh Kong,Female,,Percent,KH09,34.9
2014,4.1.1.2 Completion rate Grade 9,Koh Kong,Female,,Percent,KH09,32.7
2015,4.1.1.2 Completion rate Grade 9,Koh Kong,Female,,Percent,KH09,30.6
2016,4.1.1.2 Completion rate Grade 9,Koh Kong,Female,,Percent,KH09,30.9
2017,4.1.1.2 Completion rate Grade 9,Koh Kong,Female,,Percent,KH09,35.0
2018,4.1.1.2 Completion rate Grade 9,Koh Kong,Female,,Percent,KH09,37.3
2019,4.1.1.2 Completion rate Grade 9,Koh Kong,Female,,Percent,KH09,36.5
2009,4.1.1.2 Completion rate Grade 9,Koh Kong,Male,,Percent,KH09,44.0
2010,4.1.1.2 Completion rate Grade 9,Koh Kong,Male,,Percent,KH09,52.8
2011,4.1.1.2 Completion rate Grade 9,Koh Kong,Male,,Percent,KH09,41.3
2012,4.1.1.2 Completion rate Grade 9,Koh Kong,Male,,Percent,KH09,38.9
2013,4.1.1.2 Completion rate Grade 9,Koh Kong,Male,,Percent,KH09,35.4
2014,4.1.1.2 Completion rate Grade 9,Koh Kong,Male,,Percent,KH09,36.5
2015,4.1.1.2 Completion rate Grade 9,Koh Kong,Male,,Percent,KH09,34.6
2016,4.1.1.2 Completion rate Grade 9,Koh Kong,Male,,Percent,KH09,35.7
2017,4.1.1.2 Completion rate Grade 9,Koh Kong,Male,,Percent,KH09,34.0
2018,4.1.1.2 Completion rate Grade 9,Koh Kong,Male,,Percent,KH09,35.1
2019,4.1.1.2 Completion rate Grade 9,Koh Kong,Male,,Percent,KH09,31.9
2009,4.1.1.2 Completion rate Grade 9,Koh Kong,,,Percent,KH09,42.2
2010,4.1.1.2 Completion rate Grade 9,Koh Kong,,,Percent,KH09,48.4
2011,4.1.1.2 Completion rate Grade 9,Koh Kong,,,Percent,KH09,39.1
2012,4.1.1.2 Completion rate Grade 9,Koh Kong,,,Percent,KH09,37.3
2013,4.1.1.2 Completion rate Grade 9,Koh Kong,,,Percent,KH09,35.2
2014,4.1.1.2 Completion rate Grade 9,Koh Kong,,,Percent,KH09,34.6
2015,4.1.1.2 Completion rate Grade 9,Koh Kong,,,Percent,KH09,32.6
2016,4.1.1.2 Completion rate Grade 9,Koh Kong,,,Percent,KH09,33.4
2017,4.1.1.2 Completion rate Grade 9,Koh Kong,,,Percent,KH09,34.5
2018,4.1.1.2 Completion rate Grade 9,Koh Kong,,,Percent,KH09,36.2
2019,4.1.1.2 Completion rate Grade 9,Koh Kong,,,Percent,KH09,34.2
2009,4.1.1.2 Completion rate Grade 9,Kratie,Female,,Percent,KH10,39.6
2010,4.1.1.2 Completion rate Grade 9,Kratie,Female,,Percent,KH10,46.5
2011,4.1.1.2 Completion rate Grade 9,Kratie,Female,,Percent,KH10,33.8
2012,4.1.1.2 Completion rate Grade 9,Kratie,Female,,Percent,KH10,34.2
2013,4.1.1.2 Completion rate Grade 9,Kratie,Female,,Percent,KH10,33.1
2014,4.1.1.2 Completion rate Grade 9,Kratie,Female,,Percent,KH10,32.0
2015,4.1.1.2 Completion rate Grade 9,Kratie,Female,,Percent,KH10,31.8
2016,4.1.1.2 Completion rate Grade 9,Kratie,Female,,Percent,KH10,37.4
2017,4.1.1.2 Completion rate Grade 9,Kratie,Female,,Percent,KH10,39.5
2018,4.1.1.2 Completion rate Grade 9,Kratie,Female,,Percent,KH10,37.3
2019,4.1.1.2 Completion rate Grade 9,Kratie,Female,,Percent,KH10,37.4
2009,4.1.1.2 Completion rate Grade 9,Kratie,Male,,Percent,KH10,37.7
2010,4.1.1.2 Completion rate Grade 9,Kratie,Male,,Percent,KH10,42.9
2011,4.1.1.2 Completion rate Grade 9,Kratie,Male,,Percent,KH10,32.7
2012,4.1.1.2 Completion rate Grade 9,Kratie,Male,,Percent,KH10,30.9
2013,4.1.1.2 Completion rate Grade 9,Kratie,Male,,Percent,KH10,29.5
2014,4.1.1.2 Completion rate Grade 9,Kratie,Male,,Percent,KH10,27.9
2015,4.1.1.2 Completion rate Grade 9,Kratie,Male,,Percent,KH10,28.0
2016,4.1.1.2 Completion rate Grade 9,Kratie,Male,,Percent,KH10,30.4
2017,4.1.1.2 Completion rate Grade 9,Kratie,Male,,Percent,KH10,30.4
2018,4.1.1.2 Completion rate Grade 9,Kratie,Male,,Percent,KH10,31.5
2019,4.1.1.2 Completion rate Grade 9,Kratie,Male,,Percent,KH10,28.5
2009,4.1.1.2 Completion rate Grade 9,Kratie,,,Percent,KH10,38.6
2010,4.1.1.2 Completion rate Grade 9,Kratie,,,Percent,KH10,44.6
2011,4.1.1.2 Completion rate Grade 9,Kratie,,,Percent,KH10,33.3
2012,4.1.1.2 Completion rate Grade 9,Kratie,,,Percent,KH10,32.5
2013,4.1.1.2 Completion rate Grade 9,Kratie,,,Percent,KH10,31.3
2014,4.1.1.2 Completion rate Grade 9,Kratie,,,Percent,KH10,29.9
2015,4.1.1.2 Completion rate Grade 9,Kratie,,,Percent,KH10,29.9
2016,4.1.1.2 Completion rate Grade 9,Kratie,,,Percent,KH10,33.8
2017,4.1.1.2 Completion rate Grade 9,Kratie,,,Percent,KH10,34.8
2018,4.1.1.2 Completion rate Grade 9,Kratie,,,Percent,KH10,34.3
2019,4.1.1.2 Completion rate Grade 9,Kratie,,,Percent,KH10,32.8
2009,4.1.1.2 Completion rate Grade 9,Mondul Kiri,Female,,Percent,KH11,22.0
2010,4.1.1.2 Completion rate Grade 9,Mondul Kiri,Female,,Percent,KH11,31.8
2011,4.1.1.2 Completion rate Grade 9,Mondul Kiri,Female,,Percent,KH11,26.2
2012,4.1.1.2 Completion rate Grade 9,Mondul Kiri,Female,,Percent,KH11,23.7
2013,4.1.1.2 Completion rate Grade 9,Mondul Kiri,Female,,Percent,KH11,28.4
2014,4.1.1.2 Completion rate Grade 9,Mondul Kiri,Female,,Percent,KH11,31.4
2015,4.1.1.2 Completion rate Grade 9,Mondul Kiri,Female,,Percent,KH11,26.9
2016,4.1.1.2 Completion rate Grade 9,Mondul Kiri,Female,,Percent,KH11,38.4
2017,4.1.1.2 Completion rate Grade 9,Mondul Kiri,Female,,Percent,KH11,35.3
2018,4.1.1.2 Completion rate Grade 9,Mondul Kiri,Female,,Percent,KH11,41.0
2019,4.1.1.2 Completion rate Grade 9,Mondul Kiri,Female,,Percent,KH11,42.7
2009,4.1.1.2 Completion rate Grade 9,Mondul Kiri,Male,,Percent,KH11,26.9
2010,4.1.1.2 Completion rate Grade 9,Mondul Kiri,Male,,Percent,KH11,47.9
2011,4.1.1.2 Completion rate Grade 9,Mondul Kiri,Male,,Percent,KH11,29.7
2012,4.1.1.2 Completion rate Grade 9,Mondul Kiri,Male,,Percent,KH11,28.0
2013,4.1.1.2 Completion rate Grade 9,Mondul Kiri,Male,,Percent,KH11,31.1
2014,4.1.1.2 Completion rate Grade 9,Mondul Kiri,Male,,Percent,KH11,27.8
2015,4.1.1.2 Completion rate Grade 9,Mondul Kiri,Male,,Percent,KH11,26.5
2016,4.1.1.2 Completion rate Grade 9,Mondul Kiri,Male,,Percent,KH11,31.3
2017,4.1.1.2 Completion rate Grade 9,Mondul Kiri,Male,,Percent,KH11,27.9
2018,4.1.1.2 Completion rate Grade 9,Mondul Kiri,Male,,Percent,KH11,33.8
2019,4.1.1.2 Completion rate Grade 9,Mondul Kiri,Male,,Percent,KH11,32.7
2009,4.1.1.2 Completion rate Grade 9,Mondul Kiri,,,Percent,KH11,24.5
2010,4.1.1.2 Completion rate Grade 9,Mondul Kiri,,,Percent,KH11,39.5
2011,4.1.1.2 Completion rate Grade 9,Mondul Kiri,,,Percent,KH11,28.0
2012,4.1.1.2 Completion rate Grade 9,Mondul Kiri,,,Percent,KH11,25.9
2013,4.1.1.2 Completion rate Grade 9,Mondul Kiri,,,Percent,KH11,29.8
2014,4.1.1.2 Completion rate Grade 9,Mondul Kiri,,,Percent,KH11,29.6
2015,4.1.1.2 Completion rate Grade 9,Mondul Kiri,,,Percent,KH11,26.7
2016,4.1.1.2 Completion rate Grade 9,Mondul Kiri,,,Percent,KH11,34.8
2017,4.1.1.2 Completion rate Grade 9,Mondul Kiri,,,Percent,KH11,31.5
2018,4.1.1.2 Completion rate Grade 9,Mondul Kiri,,,Percent,KH11,37.3
2019,4.1.1.2 Completion rate Grade 9,Mondul Kiri,,,Percent,KH11,37.6
2009,4.1.1.2 Completion rate Grade 9,Oddar Meanchey,Female,,Percent,KH22,35.8
2010,4.1.1.2 Completion rate Grade 9,Oddar Meanchey,Female,,Percent,KH22,35.4
2011,4.1.1.2 Completion rate Grade 9,Oddar Meanchey,Female,,Percent,KH22,30.7
2012,4.1.1.2 Completion rate Grade 9,Oddar Meanchey,Female,,Percent,KH22,24.7
2013,4.1.1.2 Completion rate Grade 9,Oddar Meanchey,Female,,Percent,KH22,27.7
2014,4.1.1.2 Completion rate Grade 9,Oddar Meanchey,Female,,Percent,KH22,31.7
2015,4.1.1.2 Completion rate Grade 9,Oddar Meanchey,Female,,Percent,KH22,30.8
2016,4.1.1.2 Completion rate Grade 9,Oddar Meanchey,Female,,Percent,KH22,34.5
2017,4.1.1.2 Completion rate Grade 9,Oddar Meanchey,Female,,Percent,KH22,36.1
2018,4.1.1.2 Completion rate Grade 9,Oddar Meanchey,Female,,Percent,KH22,37.0
2019,4.1.1.2 Completion rate Grade 9,Oddar Meanchey,Female,,Percent,KH22,37.0
2009,4.1.1.2 Completion rate Grade 9,Oddar Meanchey,Male,,Percent,KH22,34.4
2010,4.1.1.2 Completion rate Grade 9,Oddar Meanchey,Male,,Percent,KH22,38.5
2011,4.1.1.2 Completion rate Grade 9,Oddar Meanchey,Male,,Percent,KH22,29.2
2012,4.1.1.2 Completion rate Grade 9,Oddar Meanchey,Male,,Percent,KH22,26.4
2013,4.1.1.2 Completion rate Grade 9,Oddar Meanchey,Male,,Percent,KH22,24.6
2014,4.1.1.2 Completion rate Grade 9,Oddar Meanchey,Male,,Percent,KH22,27.2
2015,4.1.1.2 Completion rate Grade 9,Oddar Meanchey,Male,,Percent,KH22,28.5
2016,4.1.1.2 Completion rate Grade 9,Oddar Meanchey,Male,,Percent,KH22,28.7
2017,4.1.1.2 Completion rate Grade 9,Oddar Meanchey,Male,,Percent,KH22,29.3
2018,4.1.1.2 Completion rate Grade 9,Oddar Meanchey,Male,,Percent,KH22,32.8
2019,4.1.1.2 Completion rate Grade 9,Oddar Meanchey,Male,,Percent,KH22,30.9
2009,4.1.1.2 Completion rate Grade 9,Oddar Meanchey,,,Percent,KH22,35.1
2010,4.1.1.2 Completion rate Grade 9,Oddar Meanchey,,,Percent,KH22,37.0
2011,4.1.1.2 Completion rate Grade 9,Oddar Meanchey,,,Percent,KH22,29.9
2012,4.1.1.2 Completion rate Grade 9,Oddar Meanchey,,,Percent,KH22,25.6
2013,4.1.1.2 Completion rate Grade 9,Oddar Meanchey,,,Percent,KH22,26.1
2014,4.1.1.2 Completion rate Grade 9,Oddar Meanchey,,,Percent,KH22,29.3
2015,4.1.1.2 Completion rate Grade 9,Oddar Meanchey,,,Percent,KH22,29.6
2016,4.1.1.2 Completion rate Grade 9,Oddar Meanchey,,,Percent,KH22,31.5
2017,4.1.1.2 Completion rate Grade 9,Oddar Meanchey,,,Percent,KH22,32.6
2018,4.1.1.2 Completion rate Grade 9,Oddar Meanchey,,,Percent,KH22,34.8
2019,4.1.1.2 Completion rate Grade 9,Oddar Meanchey,,,Percent,KH22,33.8
2009,4.1.1.2 Completion rate Grade 9,Pailin,Female,,Percent,KH24,42.8
2010,4.1.1.2 Completion rate Grade 9,Pailin,Female,,Percent,KH24,31.9
2011,4.1.1.2 Completion rate Grade 9,Pailin,Female,,Percent,KH24,32.6
2012,4.1.1.2 Completion rate Grade 9,Pailin,Female,,Percent,KH24,30.2
2013,4.1.1.2 Completion rate Grade 9,Pailin,Female,,Percent,KH24,26.9
2014,4.1.1.2 Completion rate Grade 9,Pailin,Female,,Percent,KH24,27.4
2015,4.1.1.2 Completion rate Grade 9,Pailin,Female,,Percent,KH24,26.8
2016,4.1.1.2 Completion rate Grade 9,Pailin,Female,,Percent,KH24,27.5
2017,4.1.1.2 Completion rate Grade 9,Pailin,Female,,Percent,KH24,32.9
2018,4.1.1.2 Completion rate Grade 9,Pailin,Female,,Percent,KH24,31.4
2019,4.1.1.2 Completion rate Grade 9,Pailin,Female,,Percent,KH24,32.1
2009,4.1.1.2 Completion rate Grade 9,Pailin,Male,,Percent,KH24,45.5
2010,4.1.1.2 Completion rate Grade 9,Pailin,Male,,Percent,KH24,43.1
2011,4.1.1.2 Completion rate Grade 9,Pailin,Male,,Percent,KH24,32.4
2012,4.1.1.2 Completion rate Grade 9,Pailin,Male,,Percent,KH24,32.3
2013,4.1.1.2 Completion rate Grade 9,Pailin,Male,,Percent,KH24,26.4
2014,4.1.1.2 Completion rate Grade 9,Pailin,Male,,Percent,KH24,26.1
2015,4.1.1.2 Completion rate Grade 9,Pailin,Male,,Percent,KH24,23.2
2016,4.1.1.2 Completion rate Grade 9,Pailin,Male,,Percent,KH24,25.7
2017,4.1.1.2 Completion rate Grade 9,Pailin,Male,,Percent,KH24,27.4
2018,4.1.1.2 Completion rate Grade 9,Pailin,Male,,Percent,KH24,26.6
2019,4.1.1.2 Completion rate Grade 9,Pailin,Male,,Percent,KH24,28.6
2009,4.1.1.2 Completion rate Grade 9,Pailin,,,Percent,KH24,44.2
2010,4.1.1.2 Completion rate Grade 9,Pailin,,,Percent,KH24,37.6
2011,4.1.1.2 Completion rate Grade 9,Pailin,,,Percent,KH24,32.5
2012,4.1.1.2 Completion rate Grade 9,Pailin,,,Percent,KH24,31.3
2013,4.1.1.2 Completion rate Grade 9,Pailin,,,Percent,KH24,26.6
2014,4.1.1.2 Completion rate Grade 9,Pailin,,,Percent,KH24,26.7
2015,4.1.1.2 Completion rate Grade 9,Pailin,,,Percent,KH24,24.9
2016,4.1.1.2 Completion rate Grade 9,Pailin,,,Percent,KH24,26.6
2017,4.1.1.2 Completion rate Grade 9,Pailin,,,Percent,KH24,30.0
2018,4.1.1.2 Completion rate Grade 9,Pailin,,,Percent,KH24,28.9
2019,4.1.1.2 Completion rate Grade 9,Pailin,,,Percent,KH24,30.3
2009,4.1.1.2 Completion rate Grade 9,Phnom Penh,Female,,Percent,KH12,65.1
2010,4.1.1.2 Completion rate Grade 9,Phnom Penh,Female,,Percent,KH12,46.5
2011,4.1.1.2 Completion rate Grade 9,Phnom Penh,Female,,Percent,KH12,54.6
2012,4.1.1.2 Completion rate Grade 9,Phnom Penh,Female,,Percent,KH12,52.4
2013,4.1.1.2 Completion rate Grade 9,Phnom Penh,Female,,Percent,KH12,50.0
2014,4.1.1.2 Completion rate Grade 9,Phnom Penh,Female,,Percent,KH12,51.9
2015,4.1.1.2 Completion rate Grade 9,Phnom Penh,Female,,Percent,KH12,43.2
2016,4.1.1.2 Completion rate Grade 9,Phnom Penh,Female,,Percent,KH12,44.4
2017,4.1.1.2 Completion rate Grade 9,Phnom Penh,Female,,Percent,KH12,44.9
2018,4.1.1.2 Completion rate Grade 9,Phnom Penh,Female,,Percent,KH12,45.8
2019,4.1.1.2 Completion rate Grade 9,Phnom Penh,Female,,Percent,KH12,47.0
2009,4.1.1.2 Completion rate Grade 9,Phnom Penh,Male,,Percent,KH12,76.2
2010,4.1.1.2 Completion rate Grade 9,Phnom Penh,Male,,Percent,KH12,54.8
2011,4.1.1.2 Completion rate Grade 9,Phnom Penh,Male,,Percent,KH12,66.8
2012,4.1.1.2 Completion rate Grade 9,Phnom Penh,Male,,Percent,KH12,57.4
2013,4.1.1.2 Completion rate Grade 9,Phnom Penh,Male,,Percent,KH12,53.4
2014,4.1.1.2 Completion rate Grade 9,Phnom Penh,Male,,Percent,KH12,57.4
2015,4.1.1.2 Completion rate Grade 9,Phnom Penh,Male,,Percent,KH12,47.8
2016,4.1.1.2 Completion rate Grade 9,Phnom Penh,Male,,Percent,KH12,47.1
2017,4.1.1.2 Completion rate Grade 9,Phnom Penh,Male,,Percent,KH12,45.9
2018,4.1.1.2 Completion rate Grade 9,Phnom Penh,Male,,Percent,KH12,45.6
2019,4.1.1.2 Completion rate Grade 9,Phnom Penh,Male,,Percent,KH12,47.4
2009,4.1.1.2 Completion rate Grade 9,Phnom Penh,,,Percent,KH12,70.6
2010,4.1.1.2 Completion rate Grade 9,Phnom Penh,,,Percent,KH12,50.5
2011,4.1.1.2 Completion rate Grade 9,Phnom Penh,,,Percent,KH12,60.6
2012,4.1.1.2 Completion rate Grade 9,Phnom Penh,,,Percent,KH12,54.9
2013,4.1.1.2 Completion rate Grade 9,Phnom Penh,,,Percent,KH12,51.7
2014,4.1.1.2 Completion rate Grade 9,Phnom Penh,,,Percent,KH12,54.6
2015,4.1.1.2 Completion rate Grade 9,Phnom Penh,,,Percent,KH12,45.5
2016,4.1.1.2 Completion rate Grade 9,Phnom Penh,,,Percent,KH12,45.7
2017,4.1.1.2 Completion rate Grade 9,Phnom Penh,,,Percent,KH12,45.4
2018,4.1.1.2 Completion rate Grade 9,Phnom Penh,,,Percent,KH12,45.7
2019,4.1.1.2 Completion rate Grade 9,Phnom Penh,,,Percent,KH12,47.2
2009,4.1.1.2 Completion rate Grade 9,Preah Sihanouk,Female,,Percent,KH18,37.8
2010,4.1.1.2 Completion rate Grade 9,Preah Sihanouk,Female,,Percent,KH18,39.2
2011,4.1.1.2 Completion rate Grade 9,Preah Sihanouk,Female,,Percent,KH18,35.2
2012,4.1.1.2 Completion rate Grade 9,Preah Sihanouk,Female,,Percent,KH18,34.1
2013,4.1.1.2 Completion rate Grade 9,Preah Sihanouk,Female,,Percent,KH18,30.6
2014,4.1.1.2 Completion rate Grade 9,Preah Sihanouk,Female,,Percent,KH18,31.1
2015,4.1.1.2 Completion rate Grade 9,Preah Sihanouk,Female,,Percent,KH18,29.7
2016,4.1.1.2 Completion rate Grade 9,Preah Sihanouk,Female,,Percent,KH18,33.7
2017,4.1.1.2 Completion rate Grade 9,Preah Sihanouk,Female,,Percent,KH18,31.8
2018,4.1.1.2 Completion rate Grade 9,Preah Sihanouk,Female,,Percent,KH18,34.1
2019,4.1.1.2 Completion rate Grade 9,Preah Sihanouk,Female,,Percent,KH18,32.7
2009,4.1.1.2 Completion rate Grade 9,Preah Sihanouk,Male,,Percent,KH18,46.2
2010,4.1.1.2 Completion rate Grade 9,Preah Sihanouk,Male,,Percent,KH18,46.5
2011,4.1.1.2 Completion rate Grade 9,Preah Sihanouk,Male,,Percent,KH18,39.4
2012,4.1.1.2 Completion rate Grade 9,Preah Sihanouk,Male,,Percent,KH18,33.2
2013,4.1.1.2 Completion rate Grade 9,Preah Sihanouk,Male,,Percent,KH18,31.9
2014,4.1.1.2 Completion rate Grade 9,Preah Sihanouk,Male,,Percent,KH18,33.1
2015,4.1.1.2 Completion rate Grade 9,Preah Sihanouk,Male,,Percent,KH18,30.5
2016,4.1.1.2 Completion rate Grade 9,Preah Sihanouk,Male,,Percent,KH18,33.8
2017,4.1.1.2 Completion rate Grade 9,Preah Sihanouk,Male,,Percent,KH18,27.6
2018,4.1.1.2 Completion rate Grade 9,Preah Sihanouk,Male,,Percent,KH18,32.0
2019,4.1.1.2 Completion rate Grade 9,Preah Sihanouk,Male,,Percent,KH18,29.3
2009,4.1.1.2 Completion rate Grade 9,Preah Sihanouk,,,Percent,KH18,42.1
2010,4.1.1.2 Completion rate Grade 9,Preah Sihanouk,,,Percent,KH18,43.0
2011,4.1.1.2 Completion rate Grade 9,Preah Sihanouk,,,Percent,KH18,37.4
2012,4.1.1.2 Completion rate Grade 9,Preah Sihanouk,,,Percent,KH18,33.6
2013,4.1.1.2 Completion rate Grade 9,Preah Sihanouk,,,Percent,KH18,31.2
2014,4.1.1.2 Completion rate Grade 9,Preah Sihanouk,,,Percent,KH18,32.1
2015,4.1.1.2 Completion rate Grade 9,Preah Sihanouk,,,Percent,KH18,30.1
2016,4.1.1.2 Completion rate Grade 9,Preah Sihanouk,,,Percent,KH18,33.7
2017,4.1.1.2 Completion rate Grade 9,Preah Sihanouk,,,Percent,KH18,29.6
2018,4.1.1.2 Completion rate Grade 9,Preah Sihanouk,,,Percent,KH18,33.0
2019,4.1.1.2 Completion rate Grade 9,Preah Sihanouk,,,Percent,KH18,30.9
2009,4.1.1.2 Completion rate Grade 9,Preah Vihear,Female,,Percent,KH13,39.0
2010,4.1.1.2 Completion rate Grade 9,Preah Vihear,Female,,Percent,KH13,43.4
2011,4.1.1.2 Completion rate Grade 9,Preah Vihear,Female,,Percent,KH13,38.4
2012,4.1.1.2 Completion rate Grade 9,Preah Vihear,Female,,Percent,KH13,38.4
2013,4.1.1.2 Completion rate Grade 9,Preah Vihear,Female,,Percent,KH13,44.5
2014,4.1.1.2 Completion rate Grade 9,Preah Vihear,Female,,Percent,KH13,44.6
2015,4.1.1.2 Completion rate Grade 9,Preah Vihear,Female,,Percent,KH13,42.4
2016,4.1.1.2 Completion rate Grade 9,Preah Vihear,Female,,Percent,KH13,46.3
2017,4.1.1.2 Completion rate Grade 9,Preah Vihear,Female,,Percent,KH13,53.5
2018,4.1.1.2 Completion rate Grade 9,Preah Vihear,Female,,Percent,KH13,57.4
2019,4.1.1.2 Completion rate Grade 9,Preah Vihear,Female,,Percent,KH13,58.3
2009,4.1.1.2 Completion rate Grade 9,Preah Vihear,Male,,Percent,KH13,37.5
2010,4.1.1.2 Completion rate Grade 9,Preah Vihear,Male,,Percent,KH13,43.2
2011,4.1.1.2 Completion rate Grade 9,Preah Vihear,Male,,Percent,KH13,35.5
2012,4.1.1.2 Completion rate Grade 9,Preah Vihear,Male,,Percent,KH13,36.1
2013,4.1.1.2 Completion rate Grade 9,Preah Vihear,Male,,Percent,KH13,36.4
2014,4.1.1.2 Completion rate Grade 9,Preah Vihear,Male,,Percent,KH13,35.8
2015,4.1.1.2 Completion rate Grade 9,Preah Vihear,Male,,Percent,KH13,35.3
2016,4.1.1.2 Completion rate Grade 9,Preah Vihear,Male,,Percent,KH13,38.0
2017,4.1.1.2 Completion rate Grade 9,Preah Vihear,Male,,Percent,KH13,40.8
2018,4.1.1.2 Completion rate Grade 9,Preah Vihear,Male,,Percent,KH13,43.9
2019,4.1.1.2 Completion rate Grade 9,Preah Vihear,Male,,Percent,KH13,45.3
2009,4.1.1.2 Completion rate Grade 9,Preah Vihear,,,Percent,KH13,38.2
2010,4.1.1.2 Completion rate Grade 9,Preah Vihear,,,Percent,KH13,43.3
2011,4.1.1.2 Completion rate Grade 9,Preah Vihear,,,Percent,KH13,37.0
2012,4.1.1.2 Completion rate Grade 9,Preah Vihear,,,Percent,KH13,37.2
2013,4.1.1.2 Completion rate Grade 9,Preah Vihear,,,Percent,KH13,40.3
2014,4.1.1.2 Completion rate Grade 9,Preah Vihear,,,Percent,KH13,40.1
2015,4.1.1.2 Completion rate Grade 9,Preah Vihear,,,Percent,KH13,38.8
2016,4.1.1.2 Completion rate Grade 9,Preah Vihear,,,Percent,KH13,42.1
2017,4.1.1.2 Completion rate Grade 9,Preah Vihear,,,Percent,KH13,47.0
2018,4.1.1.2 Completion rate Grade 9,Preah Vihear,,,Percent,KH13,50.5
2019,4.1.1.2 Completion rate Grade 9,Preah Vihear,,,Percent,KH13,51.6
2009,4.1.1.2 Completion rate Grade 9,Prey Veng,Female,,Percent,KH14,43.7
2010,4.1.1.2 Completion rate Grade 9,Prey Veng,Female,,Percent,KH14,44.2
2011,4.1.1.2 Completion rate Grade 9,Prey Veng,Female,,Percent,KH14,41.0
2012,4.1.1.2 Completion rate Grade 9,Prey Veng,Female,,Percent,KH14,38.3
2013,4.1.1.2 Completion rate Grade 9,Prey Veng,Female,,Percent,KH14,39.8
2014,4.1.1.2 Completion rate Grade 9,Prey Veng,Female,,Percent,KH14,42.8
2015,4.1.1.2 Completion rate Grade 9,Prey Veng,Female,,Percent,KH14,46.2
2016,4.1.1.2 Completion rate Grade 9,Prey Veng,Female,,Percent,KH14,51.0
2017,4.1.1.2 Completion rate Grade 9,Prey Veng,Female,,Percent,KH14,58.7
2018,4.1.1.2 Completion rate Grade 9,Prey Veng,Female,,Percent,KH14,60.2
2019,4.1.1.2 Completion rate Grade 9,Prey Veng,Female,,Percent,KH14,57.9
2009,4.1.1.2 Completion rate Grade 9,Prey Veng,Male,,Percent,KH14,52.1
2010,4.1.1.2 Completion rate Grade 9,Prey Veng,Male,,Percent,KH14,53.8
2011,4.1.1.2 Completion rate Grade 9,Prey Veng,Male,,Percent,KH14,44.0
2012,4.1.1.2 Completion rate Grade 9,Prey Veng,Male,,Percent,KH14,41.7
2013,4.1.1.2 Completion rate Grade 9,Prey Veng,Male,,Percent,KH14,42.5
2014,4.1.1.2 Completion rate Grade 9,Prey Veng,Male,,Percent,KH14,43.0
2015,4.1.1.2 Completion rate Grade 9,Prey Veng,Male,,Percent,KH14,42.1
2016,4.1.1.2 Completion rate Grade 9,Prey Veng,Male,,Percent,KH14,44.9
2017,4.1.1.2 Completion rate Grade 9,Prey Veng,Male,,Percent,KH14,47.1
2018,4.1.1.2 Completion rate Grade 9,Prey Veng,Male,,Percent,KH14,47.1
2019,4.1.1.2 Completion rate Grade 9,Prey Veng,Male,,Percent,KH14,47.0
2009,4.1.1.2 Completion rate Grade 9,Prey Veng,,,Percent,KH14,48.0
2010,4.1.1.2 Completion rate Grade 9,Prey Veng,,,Percent,KH14,49.1
2011,4.1.1.2 Completion rate Grade 9,Prey Veng,,,Percent,KH14,42.6
2012,4.1.1.2 Completion rate Grade 9,Prey Veng,,,Percent,KH14,40.1
2013,4.1.1.2 Completion rate Grade 9,Prey Veng,,,Percent,KH14,41.2
2014,4.1.1.2 Completion rate Grade 9,Prey Veng,,,Percent,KH14,42.9
2015,4.1.1.2 Completion rate Grade 9,Prey Veng,,,Percent,KH14,44.0
2016,4.1.1.2 Completion rate Grade 9,Prey Veng,,,Percent,KH14,47.8
2017,4.1.1.2 Completion rate Grade 9,Prey Veng,,,Percent,KH14,52.6
2018,4.1.1.2 Completion rate Grade 9,Prey Veng,,,Percent,KH14,53.3
2019,4.1.1.2 Completion rate Grade 9,Prey Veng,,,Percent,KH14,52.2
2009,4.1.1.2 Completion rate Grade 9,Pursat,Female,,Percent,KH15,47.4
2010,4.1.1.2 Completion rate Grade 9,Pursat,Female,,Percent,KH15,46.6
2011,4.1.1.2 Completion rate Grade 9,Pursat,Female,,Percent,KH15,38.6
2012,4.1.1.2 Completion rate Grade 9,Pursat,Female,,Percent,KH15,33.3
2013,4.1.1.2 Completion rate Grade 9,Pursat,Female,,Percent,KH15,35.3
2014,4.1.1.2 Completion rate Grade 9,Pursat,Female,,Percent,KH15,35.1
2015,4.1.1.2 Completion rate Grade 9,Pursat,Female,,Percent,KH15,36.3
2016,4.1.1.2 Completion rate Grade 9,Pursat,Female,,Percent,KH15,41.3
2017,4.1.1.2 Completion rate Grade 9,Pursat,Female,,Percent,KH15,45.9
2018,4.1.1.2 Completion rate Grade 9,Pursat,Female,,Percent,KH15,45.8
2019,4.1.1.2 Completion rate Grade 9,Pursat,Female,,Percent,KH15,47.0
2009,4.1.1.2 Completion rate Grade 9,Pursat,Male,,Percent,KH15,45.7
2010,4.1.1.2 Completion rate Grade 9,Pursat,Male,,Percent,KH15,44.5
2011,4.1.1.2 Completion rate Grade 9,Pursat,Male,,Percent,KH15,34.6
2012,4.1.1.2 Completion rate Grade 9,Pursat,Male,,Percent,KH15,31.2
2013,4.1.1.2 Completion rate Grade 9,Pursat,Male,,Percent,KH15,31.8
2014,4.1.1.2 Completion rate Grade 9,Pursat,Male,,Percent,KH15,30.1
2015,4.1.1.2 Completion rate Grade 9,Pursat,Male,,Percent,KH15,30.6
2016,4.1.1.2 Completion rate Grade 9,Pursat,Male,,Percent,KH15,36.3
2017,4.1.1.2 Completion rate Grade 9,Pursat,Male,,Percent,KH15,36.2
2018,4.1.1.2 Completion rate Grade 9,Pursat,Male,,Percent,KH15,36.5
2019,4.1.1.2 Completion rate Grade 9,Pursat,Male,,Percent,KH15,38.3
2009,4.1.1.2 Completion rate Grade 9,Pursat,,,Percent,KH15,46.5
2010,4.1.1.2 Completion rate Grade 9,Pursat,,,Percent,KH15,45.6
2011,4.1.1.2 Completion rate Grade 9,Pursat,,,Percent,KH15,36.5
2012,4.1.1.2 Completion rate Grade 9,Pursat,,,Percent,KH15,32.2
2013,4.1.1.2 Completion rate Grade 9,Pursat,,,Percent,KH15,33.5
2014,4.1.1.2 Completion rate Grade 9,Pursat,,,Percent,KH15,32.5
2015,4.1.1.2 Completion rate Grade 9,Pursat,,,Percent,KH15,33.4
2016,4.1.1.2 Completion rate Grade 9,Pursat,,,Percent,KH15,38.7
2017,4.1.1.2 Completion rate Grade 9,Pursat,,,Percent,KH15,40.9
2018,4.1.1.2 Completion rate Grade 9,Pursat,,,Percent,KH15,41.0
2019,4.1.1.2 Completion rate Grade 9,Pursat,,,Percent,KH15,42.5
2009,4.1.1.2 Completion rate Grade 9,Ratanak Kiri,Female,,Percent,KH16,16.9
2010,4.1.1.2 Completion rate Grade 9,Ratanak Kiri,Female,,Percent,KH16,16.8
2011,4.1.1.2 Completion rate Grade 9,Ratanak Kiri,Female,,Percent,KH16,18.9
2012,4.1.1.2 Completion rate Grade 9,Ratanak Kiri,Female,,Percent,KH16,21.3
2013,4.1.1.2 Completion rate Grade 9,Ratanak Kiri,Female,,Percent,KH16,22.8
2014,4.1.1.2 Completion rate Grade 9,Ratanak Kiri,Female,,Percent,KH16,24.1
2015,4.1.1.2 Completion rate Grade 9,Ratanak Kiri,Female,,Percent,KH16,23.7
2016,4.1.1.2 Completion rate Grade 9,Ratanak Kiri,Female,,Percent,KH16,28.8
2017,4.1.1.2 Completion rate Grade 9,Ratanak Kiri,Female,,Percent,KH16,34.4
2018,4.1.1.2 Completion rate Grade 9,Ratanak Kiri,Female,,Percent,KH16,40.5
2019,4.1.1.2 Completion rate Grade 9,Ratanak Kiri,Female,,Percent,KH16,48.2
2009,4.1.1.2 Completion rate Grade 9,Ratanak Kiri,Male,,Percent,KH16,25.0
2010,4.1.1.2 Completion rate Grade 9,Ratanak Kiri,Male,,Percent,KH16,25.8
2011,4.1.1.2 Completion rate Grade 9,Ratanak Kiri,Male,,Percent,KH16,27.0
2012,4.1.1.2 Completion rate Grade 9,Ratanak Kiri,Male,,Percent,KH16,26.5
2013,4.1.1.2 Completion rate Grade 9,Ratanak Kiri,Male,,Percent,KH16,25.9
2014,4.1.1.2 Completion rate Grade 9,Ratanak Kiri,Male,,Percent,KH16,26.2
2015,4.1.1.2 Completion rate Grade 9,Ratanak Kiri,Male,,Percent,KH16,27.8
2016,4.1.1.2 Completion rate Grade 9,Ratanak Kiri,Male,,Percent,KH16,31.5
2017,4.1.1.2 Completion rate Grade 9,Ratanak Kiri,Male,,Percent,KH16,38.7
2018,4.1.1.2 Completion rate Grade 9,Ratanak Kiri,Male,,Percent,KH16,40.4
2019,4.1.1.2 Completion rate Grade 9,Ratanak Kiri,Male,,Percent,KH16,45.6
2009,4.1.1.2 Completion rate Grade 9,Ratanak Kiri,,,Percent,KH16,21.1
2010,4.1.1.2 Completion rate Grade 9,Ratanak Kiri,,,Percent,KH16,21.2
2011,4.1.1.2 Completion rate Grade 9,Ratanak Kiri,,,Percent,KH16,23.1
2012,4.1.1.2 Completion rate Grade 9,Ratanak Kiri,,,Percent,KH16,24.0
2013,4.1.1.2 Completion rate Grade 9,Ratanak Kiri,,,Percent,KH16,24.4
2014,4.1.1.2 Completion rate Grade 9,Ratanak Kiri,,,Percent,KH16,25.2
2015,4.1.1.2 Completion rate Grade 9,Ratanak Kiri,,,Percent,KH16,25.8
2016,4.1.1.2 Completion rate Grade 9,Ratanak Kiri,,,Percent,KH16,30.1
2017,4.1.1.2 Completion rate Grade 9,Ratanak Kiri,,,Percent,KH16,36.7
2018,4.1.1.2 Completion rate Grade 9,Ratanak Kiri,,,Percent,KH16,40.4
2019,4.1.1.2 Completion rate Grade 9,Ratanak Kiri,,,Percent,KH16,46.8
2009,4.1.1.2 Completion rate Grade 9,Siemreap,Female,,Percent,KH17,43.7
2010,4.1.1.2 Completion rate Grade 9,Siemreap,Female,,Percent,KH17,46.6
2011,4.1.1.2 Completion rate Grade 9,Siemreap,Female,,Percent,KH17,42.3
2012,4.1.1.2 Completion rate Grade 9,Siemreap,Female,,Percent,KH17,40.8
2013,4.1.1.2 Completion rate Grade 9,Siemreap,Female,,Percent,KH17,41.5
2014,4.1.1.2 Completion rate Grade 9,Siemreap,Female,,Percent,KH17,42.3
2015,4.1.1.2 Completion rate Grade 9,Siemreap,Female,,Percent,KH17,43.8
2016,4.1.1.2 Completion rate Grade 9,Siemreap,Female,,Percent,KH17,49.9
2017,4.1.1.2 Completion rate Grade 9,Siemreap,Female,,Percent,KH17,52.3
2018,4.1.1.2 Completion rate Grade 9,Siemreap,Female,,Percent,KH17,56.0
2019,4.1.1.2 Completion rate Grade 9,Siemreap,Female,,Percent,KH17,55.8
2009,4.1.1.2 Completion rate Grade 9,Siemreap,Male,,Percent,KH17,40.9
2010,4.1.1.2 Completion rate Grade 9,Siemreap,Male,,Percent,KH17,43.6
2011,4.1.1.2 Completion rate Grade 9,Siemreap,Male,,Percent,KH17,37.1
2012,4.1.1.2 Completion rate Grade 9,Siemreap,Male,,Percent,KH17,33.3
2013,4.1.1.2 Completion rate Grade 9,Siemreap,Male,,Percent,KH17,31.1
2014,4.1.1.2 Completion rate Grade 9,Siemreap,Male,,Percent,KH17,31.8
2015,4.1.1.2 Completion rate Grade 9,Siemreap,Male,,Percent,KH17,34.3
2016,4.1.1.2 Completion rate Grade 9,Siemreap,Male,,Percent,KH17,35.8
2017,4.1.1.2 Completion rate Grade 9,Siemreap,Male,,Percent,KH17,36.6
2018,4.1.1.2 Completion rate Grade 9,Siemreap,Male,,Percent,KH17,40.1
2019,4.1.1.2 Completion rate Grade 9,Siemreap,Male,,Percent,KH17,41.2
2009,4.1.1.2 Completion rate Grade 9,Siemreap,,,Percent,KH17,42.3
2010,4.1.1.2 Completion rate Grade 9,Siemreap,,,Percent,KH17,45.1
2011,4.1.1.2 Completion rate Grade 9,Siemreap,,,Percent,KH17,39.6
2012,4.1.1.2 Completion rate Grade 9,Siemreap,,,Percent,KH17,37.0
2013,4.1.1.2 Completion rate Grade 9,Siemreap,,,Percent,KH17,36.2
2014,4.1.1.2 Completion rate Grade 9,Siemreap,,,Percent,KH17,36.9
2015,4.1.1.2 Completion rate Grade 9,Siemreap,,,Percent,KH17,38.9
2016,4.1.1.2 Completion rate Grade 9,Siemreap,,,Percent,KH17,42.6
2017,4.1.1.2 Completion rate Grade 9,Siemreap,,,Percent,KH17,44.2
2018,4.1.1.2 Completion rate Grade 9,Siemreap,,,Percent,KH17,47.8
2019,4.1.1.2 Completion rate Grade 9,Siemreap,,,Percent,KH17,48.3
2009,4.1.1.2 Completion rate Grade 9,Stung Treng,Female,,Percent,KH19,38.0
2010,4.1.1.2 Completion rate Grade 9,Stung Treng,Female,,Percent,KH19,40.3
2011,4.1.1.2 Completion rate Grade 9,Stung Treng,Female,,Percent,KH19,36.0
2012,4.1.1.2 Completion rate Grade 9,Stung Treng,Female,,Percent,KH19,30.9
2013,4.1.1.2 Completion rate Grade 9,Stung Treng,Female,,Percent,KH19,30.3
2014,4.1.1.2 Completion rate Grade 9,Stung Treng,Female,,Percent,KH19,27.7
2015,4.1.1.2 Completion rate Grade 9,Stung Treng,Female,,Percent,KH19,27.4
2016,4.1.1.2 Completion rate Grade 9,Stung Treng,Female,,Percent,KH19,28.9
2017,4.1.1.2 Completion rate Grade 9,Stung Treng,Female,,Percent,KH19,34.0
2018,4.1.1.2 Completion rate Grade 9,Stung Treng,Female,,Percent,KH19,36.8
2019,4.1.1.2 Completion rate Grade 9,Stung Treng,Female,,Percent,KH19,40.4
2009,4.1.1.2 Completion rate Grade 9,Stung Treng,Male,,Percent,KH19,39.0
2010,4.1.1.2 Completion rate Grade 9,Stung Treng,Male,,Percent,KH19,42.9
2011,4.1.1.2 Completion rate Grade 9,Stung Treng,Male,,Percent,KH19,31.1
2012,4.1.1.2 Completion rate Grade 9,Stung Treng,Male,,Percent,KH19,30.7
2013,4.1.1.2 Completion rate Grade 9,Stung Treng,Male,,Percent,KH19,32.2
2014,4.1.1.2 Completion rate Grade 9,Stung Treng,Male,,Percent,KH19,29.5
2015,4.1.1.2 Completion rate Grade 9,Stung Treng,Male,,Percent,KH19,24.6
2016,4.1.1.2 Completion rate Grade 9,Stung Treng,Male,,Percent,KH19,27.8
2017,4.1.1.2 Completion rate Grade 9,Stung Treng,Male,,Percent,KH19,33.2
2018,4.1.1.2 Completion rate Grade 9,Stung Treng,Male,,Percent,KH19,34.6
2019,4.1.1.2 Completion rate Grade 9,Stung Treng,Male,,Percent,KH19,35.6
2009,4.1.1.2 Completion rate Grade 9,Stung Treng,,,Percent,KH19,38.5
2010,4.1.1.2 Completion rate Grade 9,Stung Treng,,,Percent,KH19,41.6
2011,4.1.1.2 Completion rate Grade 9,Stung Treng,,,Percent,KH19,33.5
2012,4.1.1.2 Completion rate Grade 9,Stung Treng,,,Percent,KH19,30.8
2013,4.1.1.2 Completion rate Grade 9,Stung Treng,,,Percent,KH19,31.2
2014,4.1.1.2 Completion rate Grade 9,Stung Treng,,,Percent,KH19,28.6
2015,4.1.1.2 Completion rate Grade 9,Stung Treng,,,Percent,KH19,26.0
2016,4.1.1.2 Completion rate Grade 9,Stung Treng,,,Percent,KH19,28.4
2017,4.1.1.2 Completion rate Grade 9,Stung Treng,,,Percent,KH19,33.6
2018,4.1.1.2 Completion rate Grade 9,Stung Treng,,,Percent,KH19,35.6
2019,4.1.1.2 Completion rate Grade 9,Stung Treng,,,Percent,KH19,38.0
2009,4.1.1.2 Completion rate Grade 9,Svay Rieng,Female,,Percent,KH20,48.0
2010,4.1.1.2 Completion rate Grade 9,Svay Rieng,Female,,Percent,KH20,38.7
2011,4.1.1.2 Completion rate Grade 9,Svay Rieng,Female,,Percent,KH20,42.4
2012,4.1.1.2 Completion rate Grade 9,Svay Rieng,Female,,Percent,KH20,40.3
2013,4.1.1.2 Completion rate Grade 9,Svay Rieng,Female,,Percent,KH20,40.2
2014,4.1.1.2 Completion rate Grade 9,Svay Rieng,Female,,Percent,KH20,44.6
2015,4.1.1.2 Completion rate Grade 9,Svay Rieng,Female,,Percent,KH20,48.6
2016,4.1.1.2 Completion rate Grade 9,Svay Rieng,Female,,Percent,KH20,56.6
2017,4.1.1.2 Completion rate Grade 9,Svay Rieng,Female,,Percent,KH20,58.1
2018,4.1.1.2 Completion rate Grade 9,Svay Rieng,Female,,Percent,KH20,62.9
2019,4.1.1.2 Completion rate Grade 9,Svay Rieng,Female,,Percent,KH20,58.6
2009,4.1.1.2 Completion rate Grade 9,Svay Rieng,Male,,Percent,KH20,59.0
2010,4.1.1.2 Completion rate Grade 9,Svay Rieng,Male,,Percent,KH20,62.4
2011,4.1.1.2 Completion rate Grade 9,Svay Rieng,Male,,Percent,KH20,52.1
2012,4.1.1.2 Completion rate Grade 9,Svay Rieng,Male,,Percent,KH20,49.3
2013,4.1.1.2 Completion rate Grade 9,Svay Rieng,Male,,Percent,KH20,47.8
2014,4.1.1.2 Completion rate Grade 9,Svay Rieng,Male,,Percent,KH20,48.8
2015,4.1.1.2 Completion rate Grade 9,Svay Rieng,Male,,Percent,KH20,47.9
2016,4.1.1.2 Completion rate Grade 9,Svay Rieng,Male,,Percent,KH20,50.4
2017,4.1.1.2 Completion rate Grade 9,Svay Rieng,Male,,Percent,KH20,52.6
2018,4.1.1.2 Completion rate Grade 9,Svay Rieng,Male,,Percent,KH20,50.8
2019,4.1.1.2 Completion rate Grade 9,Svay Rieng,Male,,Percent,KH20,48.4
2009,4.1.1.2 Completion rate Grade 9,Svay Rieng,,,Percent,KH20,53.8
2010,4.1.1.2 Completion rate Grade 9,Svay Rieng,,,Percent,KH20,49.7
2011,4.1.1.2 Completion rate Grade 9,Svay Rieng,,,Percent,KH20,47.4
2012,4.1.1.2 Completion rate Grade 9,Svay Rieng,,,Percent,KH20,45.0
2013,4.1.1.2 Completion rate Grade 9,Svay Rieng,,,Percent,KH20,44.2
2014,4.1.1.2 Completion rate Grade 9,Svay Rieng,,,Percent,KH20,46.8
2015,4.1.1.2 Completion rate Grade 9,Svay Rieng,,,Percent,KH20,48.3
2016,4.1.1.2 Completion rate Grade 9,Svay Rieng,,,Percent,KH20,53.3
2017,4.1.1.2 Completion rate Grade 9,Svay Rieng,,,Percent,KH20,55.2
2018,4.1.1.2 Completion rate Grade 9,Svay Rieng,,,Percent,KH20,56.5
2019,4.1.1.2 Completion rate Grade 9,Svay Rieng,,,Percent,KH20,53.2
2009,4.1.1.2 Completion rate Grade 9,Takeo,Female,,Percent,KH21,60.8
2010,4.1.1.2 Completion rate Grade 9,Takeo,Female,,Percent,KH21,58.7
2011,4.1.1.2 Completion rate Grade 9,Takeo,Female,,Percent,KH21,52.7
2012,4.1.1.2 Completion rate Grade 9,Takeo,Female,,Percent,KH21,52.9
2013,4.1.1.2 Completion rate Grade 9,Takeo,Female,,Percent,KH21,52.9
2014,4.1.1.2 Completion rate Grade 9,Takeo,Female,,Percent,KH21,57.5
2015,4.1.1.2 Completion rate Grade 9,Takeo,Female,,Percent,KH21,57.6
2016,4.1.1.2 Completion rate Grade 9,Takeo,Female,,Percent,KH21,61.8
2017,4.1.1.2 Completion rate Grade 9,Takeo,Female,,Percent,KH21,65.7
2018,4.1.1.2 Completion rate Grade 9,Takeo,Female,,Percent,KH21,65.0
2019,4.1.1.2 Completion rate Grade 9,Takeo,Female,,Percent,KH21,60.3
2009,4.1.1.2 Completion rate Grade 9,Takeo,Male,,Percent,KH21,69.4
2010,4.1.1.2 Completion rate Grade 9,Takeo,Male,,Percent,KH21,66.2
2011,4.1.1.2 Completion rate Grade 9,Takeo,Male,,Percent,KH21,58.9
2012,4.1.1.2 Completion rate Grade 9,Takeo,Male,,Percent,KH21,56.3
2013,4.1.1.2 Completion rate Grade 9,Takeo,Male,,Percent,KH21,55.2
2014,4.1.1.2 Completion rate Grade 9,Takeo,Male,,Percent,KH21,57.1
2015,4.1.1.2 Completion rate Grade 9,Takeo,Male,,Percent,KH21,54.0
2016,4.1.1.2 Completion rate Grade 9,Takeo,Male,,Percent,KH21,55.5
2017,4.1.1.2 Completion rate Grade 9,Takeo,Male,,Percent,KH21,57.8
2018,4.1.1.2 Completion rate Grade 9,Takeo,Male,,Percent,KH21,55.7
2019,4.1.1.2 Completion rate Grade 9,Takeo,Male,,Percent,KH21,50.0
2009,4.1.1.2 Completion rate Grade 9,Takeo,,,Percent,KH21,65.3
2010,4.1.1.2 Completion rate Grade 9,Takeo,,,Percent,KH21,62.5
2011,4.1.1.2 Completion rate Grade 9,Takeo,,,Percent,KH21,55.9
2012,4.1.1.2 Completion rate Grade 9,Takeo,,,Percent,KH21,54.7
2013,4.1.1.2 Completion rate Grade 9,Takeo,,,Percent,KH21,54.1
2014,4.1.1.2 Completion rate Grade 9,Takeo,,,Percent,KH21,57.3
2015,4.1.1.2 Completion rate Grade 9,Takeo,,,Percent,KH21,55.7
2016,4.1.1.2 Completion rate Grade 9,Takeo,,,Percent,KH21,58.5
2017,4.1.1.2 Completion rate Grade 9,Takeo,,,Percent,KH21,61.5
2018,4.1.1.2 Completion rate Grade 9,Takeo,,,Percent,KH21,60.1
2019,4.1.1.2 Completion rate Grade 9,Takeo,,,Percent,KH21,54.9
2014,4.1.1.2 Completion rate Grade 9,Tboung Khmum,Female,,Percent,KH25,34.8
2015,4.1.1.2 Completion rate Grade 9,Tboung Khmum,Female,,Percent,KH25,35.3
2016,4.1.1.2 Completion rate Grade 9,Tboung Khmum,Female,,Percent,KH25,41.8
2017,4.1.1.2 Completion rate Grade 9,Tboung Khmum,Female,,Percent,KH25,45.4
2018,4.1.1.2 Completion rate Grade 9,Tboung Khmum,Female,,Percent,KH25,45.5
2019,4.1.1.2 Completion rate Grade 9,Tboung Khmum,Female,,Percent,KH25,47.2
2014,4.1.1.2 Completion rate Grade 9,Tboung Khmum,Male,,Percent,KH25,30.3
2015,4.1.1.2 Completion rate Grade 9,Tboung Khmum,Male,,Percent,KH25,29.7
2016,4.1.1.2 Completion rate Grade 9,Tboung Khmum,Male,,Percent,KH25,31.2
2017,4.1.1.2 Completion rate Grade 9,Tboung Khmum,Male,,Percent,KH25,33.8
2018,4.1.1.2 Completion rate Grade 9,Tboung Khmum,Male,,Percent,KH25,35.2
2019,4.1.1.2 Completion rate Grade 9,Tboung Khmum,Male,,Percent,KH25,34.6
2014,4.1.1.2 Completion rate Grade 9,Tboung Khmum,,,Percent,KH25,32.5
2015,4.1.1.2 Completion rate Grade 9,Tboung Khmum,,,Percent,KH25,32.4
2016,4.1.1.2 Completion rate Grade 9,Tboung Khmum,,,Percent,KH25,36.3
2017,4.1.1.2 Completion rate Grade 9,Tboung Khmum,,,Percent,KH25,39.4
2018,4.1.1.2 Completion rate Grade 9,Tboung Khmum,,,Percent,KH25,40.1
2019,4.1.1.2 Completion rate Grade 9,Tboung Khmum,,,Percent,KH25,40.6
